{"schema":"pinnlab.diagnostics/v1","case_id":"ind-helmholtz","wavenumber_sweep":{"n":[1,2,3,4,5],"naive":[0.0333,1.0181,1.0049,1.0015,1.0006],"adapted":[0.3361,0.1212,0.1134,0.2256,0.1749]},"radial_spectrum":{"k":[0,1,2,3,4,5,6,7,8,9,10,11,12,13,14,15,16,17,18,19,20,21,22,23,24,25,26,27,28,29,30,31,32,33,34,35,36,37,38,39],"standard":[0.0,0.0682,0.5533,24.7342,272.1372,22.969,6.7796,4.1726,3.061,2.5621,1.9043,1.7928,1.3353,1.0933,1.0375,0.8956,0.8397,0.6704,0.6193,0.5845,0.5427,0.4563,0.4606,0.4333,0.3892,0.3476,0.3226,0.3341,0.3195,0.2775,0.2773,0.2491,0.2547,0.2412,0.2199,0.2359,0.2118,0.2141,0.1915,0.1963],"naive":[40.4624,273.8768,517.5189,566.1646,377.5324,56.5638,41.8056,25.4828,15.0568,10.5417,7.5213,7.3562,5.2036,4.783,3.6421,3.0582,2.6785,2.2339,1.9583,1.8763,1.6789,1.3518,1.2576,1.1235,1.067,0.9545,0.8984,0.8684,0.7828,0.6932,0.6717,0.6443,0.6283,0.5814,0.5358,0.5412,0.4994,0.5108,0.4802,0.4593],"adapted":[8.4283,6.2697,24.4757,45.7888,265.8443,24.4709,7.0926,4.6098,3.4545,2.9668,2.109,2.0826,1.534,1.2534,1.2084,1.0072,0.9239,0.7531,0.6844,0.6626,0.6135,0.5241,0.5189,0.4758,0.3985,0.3609,0.331,0.3327,0.3106,0.2655,0.263,0.2353,0.2387,0.2257,0.2038,0.2195,0.1952,0.198,0.1755,0.1805]},"l2":{"naive_vs_std":1.20846,"adapted_vs_std":0.093,"naive_vs_analytic":1.21864,"adapted_vs_analytic":0.08934,"std_vs_analytic":0.00932}}